Month,Min.Price,Max.Price,Model.Price,Retail.Price,ArrivalQty
1/1/2020,,,,,
1/2/2020,3000,7000,5000,9000,330
1/3/2020,2500,5500,4000,8000,623
1/4/2020,2500,5500,4000,8000,423
1/5/2020,,,,,
1/6/2020,2500,5500,4000,8000,532
1/7/2020,4000,5000,4500,7500,306
1/8/2020,3000,5500,4250,7000,384
1/9/2020,3000,5500,4200,7500,509
1/10/2020,2500,4000,3200,7500,572
1/11/2020,2000,5000,3500,7500,424
1/12/2020,,,,,
1/13/2020,3000,4000,3500,8000,381
1/14/2020,2000,4000,3000,8000,443
1/15/2020,,,,,
1/16/2020,2500,4500,3500,8000,296
1/17/2020,2500,4500,3500,8000,315
1/18/2020,2000,4500,3250,7500,563
1/19/2020,,,,,
1/20/2020,2000,5000,3500,7500,505
1/21/2020,3000,4500,3700,7500,642
1/22/2020,3000,5000,4000,7500,551
1/23/2020,2500,5000,3750,8000,569
1/24/2020,2000,4500,3200,7500,381
1/25/2020,1500,4500,3000,7500,616
1/26/2020,,,,,
1/27/2020,2500,4000,3250,8000,581
1/28/2020,2500,4000,3250,8000,605
1/29/2020,2500,3500,3000,7000,568
1/30/2020,1500,3500,2500,7000,566
1/31/2020,2000,3750,2875,7000,336
2/1/2020,2500,3500,3000,7000,378
2/2/2020,,,,,
2/3/2020,,,,,
2/4/2020,1500,3000,2250,7000,704
2/5/2020,1500,3000,2250,7000,614
2/6/2020,1500,2500,2000,6000,521
2/7/2020,1000,2500,1750,6000,402
2/8/2020,,,,,
2/9/2020,,,,,
2/10/2020,1000,2500,1750,7000,505
2/11/2020,1000,2500,1750,7000,514
2/12/2020,1700,2700,2200,6000,434
2/13/2020,1500,2800,2150,6000,507
2/14/2020,1500,2700,2100,4000,651
2/15/2020,1750,2700,2225,5000,506
2/16/2020,,,,,
2/17/2020,1600,2700,2150,5000,486
2/18/2020,1500,2700,2100,5000,574
2/19/2020,1500,2800,2400,5000,524
2/20/2020,,,,,
2/21/2020,2000,2700,2350,5000,517
2/22/2020,,,,,
2/23/2020,,,,,
2/24/2020,1800,2700,2250,4000,738
2/25/2020,1500,2500,2000,4000,591
2/26/2020,1500,2500,2000,4000,652
2/27/2020,1800,2400,2100,4000,522
2/28/2020,1800,2500,2150,4000,660
2/29/2020,1500,2500,2000,4000,391
3/1/2020,,,,,
3/2/2020,1300,2500,1900,4000,764
3/3/2020,1500,2300,1900,4000,812
3/4/2020,1500,2000,1700,4000,619
3/5/2020,1500,2200,1850,4000,533
3/6/2020,1000,2200,1500,4000,589
3/7/2020,1200,2200,1700,4000,500
3/8/2020,,,,,
3/9/2020,1200,2200,1700,4000,789
3/10/2020,,,,,
3/11/2020,1250,2200,1700,4000,643
3/12/2020,1500,2300,1900,4000,448
3/13/2020,1450,2350,1900,4000,862
3/14/2020,1850,2350,2100,3000,820
3/15/2020,,,,,
3/16/2020,1500,2300,1900,4000,835
3/17/2020,1700,2200,1900,4000,975
3/18/2020,1500,2200,1850,4000,845
3/19/2020,1000,1800,1400,4000,933
3/20/2020,800,1700,1250,3000,1184
3/21/2020,,,,,
3/22/2020,,,,,
3/23/2020,,,,,
3/24/2020,,,,,
3/25/2020,,,,,
3/26/2020,,,,,
3/27/2020,,,,,
3/28/2020,,,,,
3/29/2020,,,,,
3/30/2020,,,,,
3/31/2020,,,,,
4/1/2020,,,,,
4/2/2020,,,,,
4/3/2020,,,,,
4/4/2020,,,,,
4/5/2020,,,,,
4/6/2020,,,,,
4/7/2020,,,,,
4/8/2020,,,,,
4/9/2020,,,,,
4/10/2020,,,,,
4/11/2020,,,,,
4/12/2020,,,,,
4/13/2020,,,,,
4/14/2020,,,,,
4/15/2020,,,,,
4/16/2020,,,,,
4/17/2020,,,,,
4/18/2020,,,,,
4/19/2020,,,,,
4/20/2020,,,,,
4/21/2020,,,,,
4/22/2020,,,,,
4/23/2020,,,,,
4/24/2020,,,,,
4/25/2020,,,,,
4/26/2020,,,,,
4/27/2020,,,,,
4/28/2020,,,,,
4/29/2020,,,,,
4/30/2020,,,,,
5/1/2020,,,,,
5/2/2020,,,,,
5/3/2020,,,,,
5/4/2020,,,,,
5/5/2020,,,,,
5/6/2020,,,,,
5/7/2020,,,,,
5/8/2020,,,,,
5/9/2020,,,,,
5/10/2020,,,,,
5/11/2020,,,,,
5/12/2020,,,,,
5/13/2020,,,,,
5/14/2020,,,,,
5/15/2020,,,,,
5/16/2020,,,,,
5/17/2020,,,,,
5/18/2020,,,,,
5/19/2020,,,,,
5/20/2020,,,,,
5/21/2020,,,,,
5/22/2020,,,,,
5/23/2020,,,,,
5/24/2020,,,,,
5/25/2020,,,,,
5/26/2020,,,,,
5/27/2020,,,,,
5/28/2020,,,,,
5/29/2020,,,,,
5/30/2020,,,,,
5/31/2020,,,,,
6/1/2020,600,1000,800,3000,539
6/2/2020,500,1000,750,3000,392
6/3/2020,,,,,
6/4/2020,500,1000,750,2500,293
6/5/2020,500,1000,750,3000,260
6/6/2020,,,,,
6/7/2020,,,,,
6/8/2020,500,1000,750,2500,319
6/9/2020,500,1100,800,2500,428
6/10/2020,500,1100,800,2500,449
6/11/2020,600,1200,900,2500,547
6/12/2020,600,1100,850,2500,472
6/13/2020,,,,,
6/14/2020,,,,,
6/15/2020,500,1100,800,2500,0
6/16/2020,500,1100,800,2500,1062
6/17/2020,500,1100,800,2000,530
6/18/2020,500,1100,800,2500,304
6/19/2020,500,1000,750,2500,312
6/20/2020,500,1000,750,2500,497
6/21/2020,,,,,
6/22/2020,700,1700,1200,2500,321
6/23/2020,,,,,
6/24/2020,,,,,
6/25/2020,,,,,
6/26/2020,,,,,
6/27/2020,,,,,
6/28/2020,,,,,
6/29/2020,,,,,
6/30/2020,,,,,
7/1/2020,,,,,
7/2/2020,,,,,
7/3/2020,,,,,
7/4/2020,,,,,
7/5/2020,,,,,
7/6/2020,,,,,
7/7/2020,,,,,
7/8/2020,,,,,
7/9/2020,,,,,
7/10/2020,,,,,
7/11/2020,,,,,
7/12/2020,,,,,
7/13/2020,500,1000,750,3000,414
7/14/2020,500,1000,750,3000,454
7/15/2020,500,1000,750,3000,486
7/16/2020,1000,2200,1600,3000,468
7/17/2020,500,1000,750,2500,465
7/18/2020,500,1000,750,2500,598
7/19/2020,,,,,
7/20/2020,500,1000,750,2500,375
7/21/2020,500,1000,750,2500,809
7/22/2020,500,1000,750,2500,555
7/23/2020,500,1000,750,2500,519
7/24/2020,500,1000,750,2500,457
7/25/2020,500,1000,750,2500,421
7/26/2020,,,,,
7/27/2020,400,900,650,2500,722
7/28/2020,500,900,700,2000,538
7/29/2020,500,1000,750,2500,300
7/30/2020,500,900,700,2500,323
7/31/2020,400,900,650,2500,493
8/1/2020,,,,,
8/2/2020,,,,,
8/3/2020,,,,,
8/4/2020,,,,,
8/5/2020,,,,,
8/6/2020,,,,,
8/7/2020,,,,,
8/8/2020,,,,,
8/9/2020,,,,,
8/10/2020,,,,,
8/11/2020,,,,,
8/12/2020,,,,,
8/13/2020,,,,,
8/14/2020,,,,,
8/15/2020,,,,,
8/16/2020,,,,,
8/17/2020,,,,,
8/18/2020,,,,,
8/19/2020,,,,,
8/20/2020,,,,,
8/21/2020,,,,,
8/22/2020,,,,,
8/23/2020,,,,,
8/24/2020,,,,,
8/25/2020,,,,,
8/26/2020,,,,,
8/27/2020,,,,,
8/28/2020,,,,,
8/29/2020,,,,,
8/30/2020,,,,,
8/31/2020,,,,,
9/1/2020,,,,,
9/2/2020,,,,,
9/3/2020,1200,1900,1550,3000,464
9/4/2020,1000,2100,1500,3000,638
9/5/2020,1000,2400,1700,3500,588
9/6/2020,,,,,
9/7/2020,1000,2400,1700,3000,588
9/8/2020,1200,2200,1700,3000,890
9/9/2020,1500,2300,1900,3500,511
9/10/2020,1500,2400,1950,3500,441
9/11/2020,2000,2800,2400,3500,489
9/12/2020,1800,2800,2300,3500,577
9/13/2020,,,,,
9/14/2020,2000,2700,2350,3500,752
9/15/2020,1500,2800,2150,4000,711
9/16/2020,2000,3000,2500,4000,416
9/17/2020,2000,2800,2400,4000,740
9/18/2020,2000,2700,2350,5000,607
9/19/2020,1000,2800,1900,4000,499
9/20/2020,,,,,
9/21/2020,1500,3000,2250,4000,340
9/22/2020,1500,3500,2500,5000,528
9/23/2020,1500,4000,2700,5000,384
9/24/2020,1500,4000,2700,5000,676
9/25/2020,2500,4000,3250,5000,475
9/26/2020,2000,4000,3000,6000,475
9/27/2020,,,,,
9/28/2020,2000,4000,3000,6000,425
9/29/2020,2000,4000,3000,6000,789
9/30/2020,2000,4000,3000,6000,414
10/1/2020,2000,4000,3000,6000,578
10/2/2020,2000,4000,3000,6000,619
10/3/2020,,,,,
10/4/2020,,,,,
10/5/2020,1800,3800,2800,5000,1043
10/6/2020,,,,,
10/7/2020,2000,3800,2900,6000,468
10/8/2020,2000,3800,2900,6000,388
10/9/2020,2000,4000,3000,6000,323
10/10/2020,2000,4000,3000,6000,459
10/11/2020,,,,,
10/12/2020,2000,4000,3000,6000,490
10/13/2020,2500,4500,3500,6000,832
10/14/2020,3000,4000,3500,6000,608
10/15/2020,3000,5000,4000,6000,798
10/16/2020,3000,5000,4000,6000,492
10/17/2020,,,,,
10/18/2020,,,,,
10/19/2020,,,,,
10/20/2020,3000,6000,4500,7500,615
10/21/2020,3500,6500,5000,7500,393
10/22/2020,4000,6500,5250,7500,402
10/23/2020,4000,6000,5000,7000,410
10/24/2020,3000,6000,4500,7500,312
10/25/2020,,,,,
10/26/2020,3000,6000,4500,7500,366
10/27/2020,4000,6000,5000,7500,566
10/28/2020,4000,6000,5000,7500,475
10/29/2020,3000,6000,4500,7500,494
10/30/2020,,,,,
10/31/2020,,,,,
11/1/2020,,,,,
11/2/2020,,,,,
11/3/2020,3000,6000,4500,7500,519
11/4/2020,3000,6000,4500,7500,264
11/5/2020,2500,5500,4000,7000,638
11/6/2020,3000,5000,4000,7000,883
11/7/2020,2500,4500,3500,7500,986
11/8/2020,,,,,
11/9/2020,2000,4500,3250,7000,570
11/10/2020,2000,4500,3250,7000,685
11/11/2020,2000,5000,3500,7000,317
11/12/2020,2000,5000,3500,7500,299
11/13/2020,2000,5000,3500,7000,309
11/14/2020,,,,,
11/15/2020,,,,,
11/16/2020,,,,,
11/17/2020,,,,,
11/18/2020,,,,,
11/19/2020,,,,,
11/20/2020,3000,6000,4500,7500,224
11/21/2020,,,,,
11/22/2020,,,,,
11/23/2020,3000,4000,3500,7000,147
11/24/2020,,,,,
11/25/2020,2000,5000,3500,7000,465
11/26/2020,2500,4500,3500,7000,729
11/27/2020,2500,4500,3500,7000,607
11/28/2020,,,,,
11/29/2020,,,,,
11/30/2020,,,,,
12/1/2020,,,,,
12/2/2020,2000,4000,3000,8000,631
12/3/2020,1500,4000,2750,7000,570
12/4/2020,1500,4000,2750,7000,311
12/5/2020,,,,,
12/6/2020,,,,,
12/7/2020,1500,3500,2500,7000,411
12/8/2020,1500,3500,2500,7000,723
12/9/2020,1500,3000,2250,6000,350
12/10/2020,1000,3000,2000,6000,381
12/11/2020,2000,4000,3000,6000,320
12/12/2020,1500,3500,2500,6000,394
12/13/2020,,,,,
12/14/2020,1500,4000,2750,6000,244
12/15/2020,1500,4000,2750,6000,406
12/16/2020,,,,,
12/17/2020,1500,3800,2650,6000,466
12/18/2020,1500,3600,2550,6000,604
12/19/2020,1200,3000,2100,6000,671
12/20/2020,,,,,
12/21/2020,1500,3000,2250,6000,677
12/22/2020,1500,2800,2150,5000,532
12/23/2020,1500,2800,2150,5000,454
12/24/2020,1000,2800,1900,4000,375
12/25/2020,,,,,
12/26/2020,,,,,
12/27/2020,,,,,
12/28/2020,1000,2800,1900,4000,960
12/29/2020,1000,2800,1900,4000,575
12/30/2020,1000,2800,1900,4000,390
12/31/2020,1000,3300,2150,4000,384
1/1/2021,,,,,
1/2/2021,1500,3300,2400,5000,526
1/3/2021,,,,,
1/4/2021,1500,3200,2350,5000,702
1/5/2021,1500,3300,2400,5000,680
1/6/2021,1500,3300,2400,5000,488
1/7/2021,1500,3300,2400,5000,353
1/8/2021,1500,3300,2400,5000,488
1/9/2021,1500,3500,2500,5000,357
1/10/2021,,,,,
1/11/2021,1500,3700,2600,5000,843
1/12/2021,1500,3700,2600,5000,341
1/13/2021,1500,3500,2500,5000,692
1/14/2021,,,,,
1/15/2021,1500,3300,2400,5000,652
1/16/2021,1500,3500,2500,5000,462
1/17/2021,,,,,
1/18/2021,1500,3300,2400,5000,697
1/19/2021,1500,3300,2400,5000,418
1/20/2021,1500,3500,2500,5000,756
1/21/2021,1000,3300,2150,5000,689
1/22/2021,1000,3200,2100,5000,852
1/23/2021,1500,3000,2250,5000,524
1/24/2021,,,,,
1/25/2021,1500,3000,2250,5000,1057
1/26/2021,,,,,
1/27/2021,1000,3000,2000,5000,1158
1/28/2021,1000,3000,2000,5000,500
1/29/2021,1000,3000,2000,5000,583
1/30/2021,1000,3000,2000,5000,772
1/31/2021,,,,,
2/1/2021,1500,3500,2500,4000,960
2/2/2021,1500,3500,2500,5000,619
2/3/2021,2000,4000,3000,5000,481
2/4/2021,2000,3800,2900,5000,692
2/5/2021,1500,3500,2500,4000,1324
2/6/2021,1000,3000,2000,4000,1302
2/7/2021,,,,,
2/8/2021,1000,3000,2000,4000,1297
2/9/2021,1500,3000,2250,4000,926
2/10/2021,2000,3200,2600,4000,838
2/11/2021,1500,3300,2400,4000,1080
2/12/2021,1500,3200,2350,4000,1079
2/13/2021,,,,,
2/14/2021,,,,,
2/15/2021,2000,3200,2600,4000,1364
2/16/2021,2000,3000,2500,4000,1549
2/17/2021,1500,3200,2350,4000,712
2/18/2021,1800,3500,2650,5000,1063
2/19/2021,2500,3500,3000,5000,926
2/20/2021,2000,3600,2800,5000,1183
2/21/2021,,,,,
2/22/2021,1500,3600,2550,5000,1678
2/23/2021,2000,3750,2875,5000,1226
2/24/2021,2000,3500,2750,5000,985
2/25/2021,2000,3400,2700,4000,1057
2/26/2021,1500,2800,2150,5000,1070
2/27/2021,1000,3000,2000,5000,1230
2/28/2021,,,,,
3/1/2021,1000,2000,1500,5000,1503
3/2/2021,1500,2200,1850,5000,920
3/3/2021,1000,2200,1550,4000,535
3/4/2021,1500,2500,2000,4000,1019
3/5/2021,1000,2000,1500,4000,991
3/6/2021,1500,2500,2000,4000,1079
3/7/2021,,,,,
3/8/2021,1000,2000,1500,4000,940
3/9/2021,1000,1500,1250,4000,1065
3/10/2021,1300,1800,1550,4000,851
3/11/2021,1200,1600,1400,4000,488
3/12/2021,600,1500,1050,4000,1153
3/13/2021,700,1500,1100,4000,825
3/14/2021,,,,,
3/15/2021,700,1600,1150,4000,947
3/16/2021,,,,,
3/17/2021,1000,1500,1250,4000,776
3/18/2021,1000,1500,1250,4000,630
3/19/2021,1000,1500,1250,4000,710
3/20/2021,700,1500,1100,4000,848
3/21/2021,,,,,
3/22/2021,800,1500,1150,4000,779
3/23/2021,700,1500,1100,4000,1157
3/24/2021,800,1400,1100,4000,958
3/25/2021,700,1500,1100,4000,525
3/26/2021,800,1500,1150,4000,615
3/27/2021,800,1400,1100,4000,445
3/28/2021,,,,,
3/29/2021,,,,,
3/30/2021,600,1400,1000,4000,580
3/31/2021,900,1400,1150,4000,416
4/1/2021,800,1400,1100,4000,735
4/2/2021,,,,,
4/3/2021,600,1400,1000,3000,408
4/4/2021,,,,,
4/5/2021,,,,,
4/6/2021,,,,,
4/7/2021,800,1300,1050,4000,915
4/8/2021,500,1400,950,3000,958
4/9/2021,800,1400,1100,4000,924
4/10/2021,700,1300,1000,4000,1094
4/11/2021,,,,,
4/12/2021,500,1200,850,3000,1209
4/13/2021,600,1200,900,3000,815
4/14/2021,,,,,
4/15/2021,500,1200,850,3000,1285
4/16/2021,600,1200,900,3000,780
4/17/2021,,,,,
4/18/2021,,,,,
4/19/2021,500,1300,900,2500,595
4/20/2021,500,1300,900,4000,430
4/21/2021,,,,,
4/22/2021,500,1300,900,3000,1027
4/23/2021,500,1200,850,2500,697
4/24/2021,,,,,
4/25/2021,,,,,
4/26/2021,,,,,
4/27/2021,500,1300,900,2000,923
4/28/2021,600,1300,950,2000,1197
4/29/2021,,,,,
4/30/2021,,,,,
5/1/2021,,,,,
5/2/2021,,,,,
5/3/2021,1000,1500,1250,3000,610
5/4/2021,1000,1500,1250,3000,1456
5/5/2021,,,,,
5/6/2021,700,1500,1100,3000,1029
5/7/2021,700,1500,1100,3000,941
5/8/2021,,,,,
5/9/2021,,,,,
5/10/2021,600,1400,1000,3000,826
5/11/2021,600,1400,1000,3000,1249
5/12/2021,,,,,
5/13/2021,600,1400,1000,4000,452
5/14/2021,,,,,
5/15/2021,,,,,
5/16/2021,,,,,
5/17/2021,900,1600,1250,3500,1050
5/18/2021,800,1700,1250,4000,758
5/19/2021,,,,,
5/20/2021,1100,1700,1400,4000,468
5/21/2021,1100,1800,1450,3000,788
5/22/2021,1000,1800,1400,4000,487
5/23/2021,,,,,
5/24/2021,1000,1800,1400,4000,482
5/25/2021,1300,1900,1600,4000,1033
5/26/2021,1000,2000,1500,5000,467
5/27/2021,1300,2000,1750,4000,808
5/28/2021,1200,2000,1600,4000,479
5/29/2021,1500,2000,1750,4000,263
5/30/2021,,,,,
5/31/2021,1000,2000,1500,4000,692
6/1/2021,,,,,
6/2/2021,1500,2100,1800,4000,579
6/3/2021,1000,2300,1650,3500,512
6/4/2021,1500,2300,1900,4000,572
6/5/2021,1500,2300,1900,4000,667
6/6/2021,,,,,
6/7/2021,1000,2300,1650,4000,529
6/8/2021,1500,2300,1900,4000,875
6/9/2021,1500,2200,1850,4000,595
6/10/2021,1500,2200,1850,4000,486
6/11/2021,,,,,
6/12/2021,,,,,
6/13/2021,,,,,
6/14/2021,,,,,
6/15/2021,,,,,
6/16/2021,,,,,
6/17/2021,1200,2300,1750,4000,494
6/18/2021,1500,2300,1900,4000,591
6/19/2021,1500,2300,1900,4000,621
6/20/2021,,,,,
6/21/2021,1500,2400,1950,4000,640
6/22/2021,1500,2400,1950,4000,670
6/23/2021,1000,2400,1200,4000,670
6/24/2021,1000,2400,1200,4000,547
6/25/2021,,,,,
6/26/2021,,,,,
6/27/2021,,,,,
6/28/2021,,,,,
6/29/2021,,,,,
6/30/2021,,,,,
7/1/2021,,,,,
7/2/2021,1500,2100,1800,4000,579
7/3/2021,1000,2300,1650,3500,512
7/4/2021,1500,2300,1900,4000,572
7/5/2021,1500,2300,1900,4000,667
7/6/2021,,,,,
7/7/2021,1000,2300,1650,4000,529
7/8/2021,1500,2300,1900,4000,875
7/9/2021,1500,2200,1850,4000,595
7/10/2021,1500,2200,1850,4000,486
7/11/2021,,,,,
7/12/2021,,,,,
7/13/2021,,,,,
7/14/2021,,,,,
7/15/2021,,,,,
7/16/2021,,,,,
7/17/2021,1200,2300,1750,4000,494
7/18/2021,1500,2300,1900,4000,591
7/19/2021,1500,2300,1900,4000,621
7/20/2021,,,,,
7/21/2021,1500,2400,1950,4000,640
7/22/2021,1500,2400,1950,4000,670
7/23/2021,1000,2400,1200,4000,670
7/24/2021,1000,2400,1200,4000,547
7/25/2021,,,,,
7/26/2021,,,,,
7/27/2021,,,,,
7/28/2021,,,,,
7/29/2021,,,,,
7/30/2021,,,,,
7/31/2021,,,,,
8/1/2021,,,,,
8/2/2021,1000,2100,1500,3000,698
8/3/2021,1000,2200,1500,3000,474
8/4/2021,1000,2000,1500,3000,635
8/5/2021,1000,1900,1450,3000,721
8/6/2021,1000,2000,1500,3000,523
8/7/2021,1000,2000,1500,3000,454
8/8/2021,,,,,
8/9/2021,1000,2000,1500,3000,394
8/10/2021,1000,2100,1500,3000,572
8/11/2021,1000,2000,1500,3000,577
8/12/2021,1000,2000,1500,3000,684
8/13/2021,1000,2000,1500,3000,538
8/14/2021,1200,2000,1600,3000,455
8/15/2021,,,,,
8/16/2021,,,,,
8/17/2021,1000,2000,1500,3000,514
8/18/2021,1000,2000,1500,3000,444
8/19/2021,1000,2100,1500,3000,545
8/20/2021,,,,,
8/21/2021,1000,2000,1500,3000,889
8/22/2021,,,,,
8/23/2021,1000,2100,1500,3000,545
8/24/2021,1250,2100,1675,3000,554
8/25/2021,1000,2000,1500,3000,550
8/26/2021,1000,2000,1500,3000,696
8/27/2021,1000,2000,1500,3000,940
8/28/2021,1150,1900,1525,3000,1308
8/29/2021,,,,,
8/30/2021,,,,,
8/31/2021,,,,,
9/1/2021,1000,1900,1450,3000,793
9/2/2021,1000,1800,1400,3000,544
9/3/2021,1000,1900,1450,3000,553
9/4/2021,1000,1800,1400,3000,454
9/5/2021,,,,,
9/6/2021,700,1900,1350,3000,703
9/7/2021,1000,2000,1500,3000,244
9/8/2021,900,1900,1400,3000,505
9/9/2021,800,1900,1350,3000,722
9/10/2021,,,,,
9/11/2021,900,1800,1350,3000,1566
9/12/2021,,,,,
9/13/2021,700,1800,1250,3000,764
9/14/2021,800,1700,1250,3000,671
9/15/2021,1000,1800,1400,3000,660
9/16/2021,1000,1700,1350,3000,704
9/17/2021,1000,1700,1350,3000,367
9/18/2021,1000,2000,1500,3000,428
9/19/2021,,,,,
9/20/2021,1000,2000,1500,3000,716
9/21/2021,750,2000,1320,3000,602
9/22/2021,1000,2200,1500,3000,431
9/23/2021,1500,2500,2000,4000,459
9/24/2021,1000,2800,1900,4000,553
9/25/2021,1000,2600,1800,6000,597
9/26/2021,,,,,
9/27/2021,1000,1800,1400,4000,991
9/28/2021,1500,2500,2000,5000,874
9/29/2021,1000,1800,1400,4000,636
9/30/2021,1000,2750,1800,4000,348
10/1/2021,1000,2800,1900,4000,565
10/2/2021,,,,,
10/3/2021,,,,,
10/4/2021,1500,3600,2550,5000,1269
10/5/2021,1500,3800,2650,5000,589
10/6/2021,2000,3000,2500,5000,625
10/7/2021,2000,3600,2800,5000,874
10/8/2021,2000,3500,2700,6000,579
10/9/2021,1500,3600,2550,5000,620
10/10/2021,,,,,
10/11/2021,1000,3800,2400,5000,711
10/12/2021,1500,4000,2750,6000,696
10/13/2021,1500,4000,2750,5000,577
10/14/2021,1500,3800,2650,5000,618
10/15/2021,,,,,
10/16/2021,1750,3800,2775,5000,508
10/17/2021,,,,,
10/18/2021,1500,3800,2850,5000,861
10/19/2021,,,,,
10/20/2021,1500,3800,2650,5000,665
10/21/2021,1500,3500,2500,5000,768
10/22/2021,1500,3300,2400,5000,920
10/23/2021,1000,3300,2000,5000,762
10/24/2021,,,,,
10/25/2021,1000,3000,2000,6000,592
10/26/2021,1000,3000,2000,5000,731
10/27/2021,1000,3200,2000,6000,537
10/28/2021,1000,3000,2000,6000,704
10/29/2021,1000,3000,2000,5000,824
10/30/2021,1000,3000,2000,6000,645
10/31/2021,,,,,
11/1/2021,1000,3000,2000,5000,669
11/2/2021,1000,3000,2000,4000,829
11/3/2021,1300,3000,2150,5000,485
11/4/2021,,,,,
11/5/2021,,,,,
11/6/2021,,,,,
11/7/2021,,,,,
11/8/2021,,,,,
11/9/2021,1500,3500,2500,5000,488
11/10/2021,1000,3600,2350,5000,366
11/11/2021,2000,3500,2750,6000,402
11/12/2021,1000,3000,2000,6000,876
11/13/2021,1000,3000,2000,6000,830
11/14/2021,,,,,
11/15/2021,1000,3000,2000,6000,937
11/16/2021,1000,3000,2000,5000,946
11/17/2021,1000,2500,1750,5000,865
11/18/2021,1000,2300,1650,5000,648
11/19/2021,,,,,
11/20/2021,1000,2300,1650,5000,1072
11/21/2021,,,,,
11/22/2021,1000,2500,1750,5000,488
11/23/2021,1000,2500,1750,5000,502
11/24/2021,750,2500,1600,5000,769
11/25/2021,1000,2500,1750,5000,733
11/26/2021,,,,,
11/27/2021,,,,,
11/28/2021,,,,,
11/29/2021,,,,,
11/30/2021,,,,,
12/1/2021,,,,,
12/2/2021,,,,,
12/3/2021,800,2500,1150,5000,0
12/4/2021,1000,2500,1750,5000,0
12/5/2021,,,,,
12/6/2021,1500,2500,2000,5000,0
12/7/2021,1500,2500,2000,5000,0
12/8/2021,,,,,
12/9/2021,,,,,
12/10/2021,,,,,
12/11/2021,,,,,
12/12/2021,,,,,
12/13/2021,,,,,
12/14/2021,,,,,
12/15/2021,,,,,
12/16/2021,,,,,
12/17/2021,,,,,
12/18/2021,,,,,
12/19/2021,,,,,
12/20/2021,,,,,
12/21/2021,,,,,
12/22/2021,,,,,
12/23/2021,,,,,
12/24/2021,,,,,
12/25/2021,,,,,
12/26/2021,,,,,
12/27/2021,,,,,
12/28/2021,,,,,
12/29/2021,,,,,
12/30/2021,,,,,
12/31/2021,,,,,
1/1/2022,700,2500,1600,4000,516
1/2/2022,,,,,
1/3/2022,1000,2200,1500,4000,880
1/4/2022,1000,2500,1750,4000,629
1/5/2022,1500,2500,2000,4000,804
1/6/2022,1000,2500,1750,4000,661
1/7/2022,1000,2600,1800,5000,760
1/8/2022,1000,2700,1850,5000,603
1/9/2022,,,,,
1/10/2022,1000,2700,1850,4000,541
1/11/2022,1000,2800,1900,5000,336
1/12/2022,1000,2800,1900,5000,902
1/13/2022,1000,2800,1900,5000,864
1/14/2022,1200,2800,2000,4000,493
1/15/2022,,,,,
1/16/2022,,,,,
1/17/2022,1000,2800,1900,5000,695
1/18/2022,1000,2800,1900,5000,711
1/19/2022,1200,2800,2000,5000,792
1/20/2022,1250,2800,2025,5000,728
1/21/2022,1000,2700,1850,5000,652
1/22/2022,1000,2700,1850,5000,1184
1/23/2022,,,,,
1/24/2022,1000,2700,1850,5000,817
1/25/2022,1000,2800,1900,5000,615
1/26/2022,,,,,
1/27/2022,1500,3000,2250,5000,884
1/28/2022,1500,3000,2250,5000,564
1/29/2022,,,,,
1/30/2022,,,,,
1/31/2022,2000,3000,2500,5000,879
2/1/2022,1000,3000,2000,5000,773
2/2/2022,1200,2800,2000,5000,715
2/3/2022,1300,2800,2050,5000,655
2/4/2022,1300,2800,2050,5000,541
2/5/2022,1300,2800,2050,5000,419
2/6/2022,,,,,
2/7/2022,1300,2800,2050,4000,568
2/8/2022,1200,2800,2000,5000,553
2/9/2022,1500,2800,2150,5000,458
2/10/2022,1500,2800,2150,5000,378
2/11/2022,1500,3000,2250,5000,1136
2/12/2022,1000,3200,2100,5000,658
2/13/2022,,,,,
2/14/2022,1400,3000,2200,5000,0
2/15/2022,1300,3000,2150,5000,0
2/16/2022,1500,3200,2350,5000,0
2/17/2022,2000,3000,2500,5000,0
2/18/2022,1500,3000,2250,5000,0
2/19/2022,1500,3000,2250,5000,0
2/20/2022,,,,,
2/21/2022,1500,3200,2350,5000,0
2/22/2022,1000,3000,2000,5000,0
2/23/2022,1500,3000,2250,5000,0
2/24/2022,,,,,
2/25/2022,,,,,
2/26/2022,,,,,
2/27/2022,,,,,
2/28/2022,,,,,
3/1/2022,1000,3000,2000,5000,0
3/2/2022,1000,2600,1800,5000,0
3/3/2022,1000,2600,1800,5000,0
3/4/2022,1000,2500,1750,5000,0
3/5/2022,1500,2500,2000,5000,0
3/6/2022,,,,,
3/7/2022,1000,2500,1750,5000,0
3/8/2022,800,2300,1550,5000,0
3/9/2022,750,2300,1525,5000,0
3/10/2022,700,2300,1500,5000,0
3/11/2022,700,2200,1450,5000,0
3/12/2022,700,2100,1400,5000,0
3/13/2022,,,,,
3/14/2022,,,,,
3/15/2022,,,,,
3/16/2022,1000,2000,1500,5000,0
3/17/2022,1000,2000,1500,5000,0
3/18/2022,1000,1800,1400,5000,0
3/19/2022,600,1800,1200,4000,0
3/20/2022,,,,,
3/21/2022,1000,1800,1400,4000,0
3/22/2022,600,1800,1200,4000,0
3/23/2022,700,1500,1100,4000,0
3/24/2022,1000,1600,1300,4000,0
3/25/2022,1000,1500,1250,4000,0
3/26/2022,1000,1600,1300,4000,0
3/27/2022,,,,,
3/28/2022,500,1300,900,4000,0
3/29/2022,500,1300,900,4000,0
3/30/2022,500,1300,900,4000,0
3/31/2022,500,1300,900,4000,0
4/1/2022,500,1300,900,4000,654
4/2/2022,,,,,
4/3/2022,,,,,
4/4/2022,1000,1400,1200,4000,991
4/5/2022,1000,1400,1200,4000,924
4/6/2022,1000,1400,1200,4000,767
4/7/2022,500,1400,950,4000,647
4/8/2022,1000,1400,1200,4000,794
4/9/2022,500,1300,900,4000,895
4/10/2022,,,,,
4/11/2022,1000,1200,1100,4000,922
4/12/2022,500,1300,900,5000,1151
4/13/2022,500,1300,900,4000,436
4/14/2022,,,,,
4/15/2022,,,,,
4/16/2022,,,,,
4/17/2022,,,,,
4/18/2022,500,1300,900,4000,720
4/19/2022,500,1300,900,4000,574
4/20/2022,400,1300,850,4000,592
4/21/2022,500,1300,900,4000,605
4/22/2022,500,1300,900,4000,749
4/23/2022,,,,,
4/24/2022,,,,,
4/25/2022,500,1300,900,4000,1063
4/26/2022,500,1300,900,4000,697
4/27/2022,500,1100,800,3000,694
4/28/2022,1000,1200,1100,4000,649
4/29/2022,1000,1200,1100,3500,472
4/30/2022,1000,1200,1100,4000,0
5/1/2022,,,,,
5/2/2022,400,1200,800,4000,0
5/3/2022,,,,,
5/4/2022,500,1300,900,3000,0
5/5/2022,1000,1300,1150,4000,0
5/6/2022,500,1300,900,4000,0
5/7/2022,,,,,
5/8/2022,,,,,
5/9/2022,1000,1400,1200,4000,0
5/10/2022,500,1300,900,4000,0
5/11/2022,500,1200,850,4000,0
5/12/2022,1000,1200,1100,4000,0
5/13/2022,500,1300,900,4000,0
5/14/2022,1000,1200,1100,4000,0
5/15/2022,,,,,
5/16/2022,,,,,
5/17/2022,500,1300,900,4000,0
5/18/2022,400,1200,800,4000,0
5/19/2022,1000,1200,1100,4000,0
5/20/2022,1000,1300,1150,4000,0
5/21/2022,500,1300,900,4000,0
5/22/2022,,,,,
5/23/2022,500,1300,900,4000,0
5/24/2022,500,1300,900,4000,0
5/25/2022,800,1200,1000,4000,0
5/26/2022,500,1300,900,4000,0
5/27/2022,500,1200,850,4000,0
5/28/2022,500,1300,900,4000,0
5/29/2022,,,,,
5/30/2022,500,1200,850,3000,0
5/31/2022,500,1300,900,3000,0
6/1/2022,400,1300,850,3000,0
6/2/2022,500,1400,950,3000,0
6/3/2022,1000,1400,1200,3000,0
6/4/2022,500,1500,1000,3000,0
6/5/2022,,,,,
6/6/2022,1000,1500,1250,3000,0
6/7/2022,500,1700,1100,3000,0
6/8/2022,400,1600,1000,3000,0
6/9/2022,500,1500,1000,3000,0
6/10/2022,500,1500,1000,3500,0
6/11/2022,,,,,
6/12/2022,,,,,
6/13/2022,,,,,
6/14/2022,,,,,
6/15/2022,,,,,
6/16/2022,,,,,
6/17/2022,400,1700,1050,4000,0
6/18/2022,500,1700,1100,3500,0
6/19/2022,,,,,
6/20/2022,1000,1700,1300,4000,0
6/21/2022,500,1700,1100,4000,0
6/22/2022,500,1600,1050,3000,0
6/23/2022,500,1700,1100,4000,0
6/24/2022,500,1600,1050,3000,0
6/25/2022,,,,,
6/26/2022,,,,,
6/27/2022,500,1600,1050,3500,0
6/28/2022,500,1700,1100,4000,0
6/29/2022,500,1700,1100,4000,0
6/30/2022,500,1700,1100,4000,0
7/1/2022,500,1700,1100,4000,0
7/2/2022,,,,,
7/3/2022,,,,,
7/4/2022,700,1700,1200,3500,0
7/5/2022,800,1700,1250,3500,0
7/6/2022,500,1600,1050,3000,0
7/7/2022,500,1600,1050,3000,0
7/8/2022,1000,1600,1300,3000,0
7/9/2022,500,1600,1050,3000,0
7/10/2022,,,,,
7/11/2022,500,1600,1050,3000,0
7/12/2022,500,1600,1050,3000,0
7/13/2022,500,1700,1100,4000,0
7/14/2022,800,1700,1250,4000,0
7/15/2022,500,1700,1100,4000,0
7/16/2022,600,1700,1150,3500,0
7/17/2022,,,,,
7/18/2022,500,1600,1050,3000,0
7/19/2022,500,1600,1050,3000,0
7/20/2022,500,1600,1050,3000,0
7/21/2022,500,1500,1000,3000,0
7/22/2022,500,1600,1050,3000,0
7/23/2022,500,1500,1000,3000,0
7/24/2022,,,,,
7/25/2022,500,1400,950,3000,0
7/26/2022,500,1500,1000,3000,0
7/27/2022,500,1400,950,3000,0
7/28/2022,600,1500,1050,3000,0
7/29/2022,500,1500,1000,3000,0
7/30/2022,500,1500,1000,3000,0
7/31/2022,,,,,
8/1/2022,500,1500,1000,3000,0
8/2/2022,500,1500,1000,3000,0
8/3/2022,500,1500,1000,3000,0
8/4/2022,600,1500,1050,3000,0
8/5/2022,600,1500,1050,3000,0
8/6/2022,600,1500,1050,3000,0
8/7/2022,,,,,
8/8/2022,500,1500,1000,3000,0
8/9/2022,,,,,
8/10/2022,500,1500,1000,3000,0
8/11/2022,600,1600,1100,3000,0
8/12/2022,600,1600,1100,3000,0
8/13/2022,1000,1500,1250,3000,0
8/14/2022,,,,,
8/15/2022,,,,,
8/16/2022,700,1500,1100,3000,0
8/17/2022,500,1700,1100,3000,0
8/18/2022,600,1700,1150,3000,0
8/19/2022,,,,,
8/20/2022,,,,,
8/21/2022,,,,,
8/22/2022,500,1600,1050,3000,0
8/23/2022,500,1600,1050,3000,0
8/24/2022,500,1500,1000,3000,0
8/25/2022,600,1600,1100,3000,0
8/26/2022,500,1500,1000,3000,0
8/27/2022,,,,,
8/28/2022,,,,,
8/29/2022,500,1600,1050,3000,0
8/30/2022,500,1500,1000,3000,0
8/31/2022,600,1500,1050,3000,0
9/1/2022,1000,1500,1250,3000,0
9/2/2022,500,1500,1000,3000,0
9/3/2022,1000,1500,1250,3000,0
9/4/2022,,,,,
9/5/2022,500,1500,1000,3000,0
9/6/2022,400,1400,900,3000,0
9/7/2022,500,1500,1000,4000,0
9/8/2022,500,1500,1000,4000,0
9/9/2022,500,1400,900,4000,0
9/10/2022,500,1500,1000,4000,0
9/11/2022,,,,,
9/12/2022,500,1500,1000,3000,0
9/13/2022,500,1500,1000,3000,0
9/14/2022,1000,1500,1250,4000,0
9/15/2022,500,1500,1000,3000,0
9/16/2022,500,1500,1000,3000,0
9/17/2022,500,1500,1000,3000,0
9/18/2022,,,,,
9/19/2022,500,1500,1000,3000,0
9/20/2022,500,1500,1000,3000,0
9/21/2022,500,1500,1000,3000,0
9/22/2022,500,1500,1000,3000,0
9/23/2022,500,1500,1000,3000,0
9/24/2022,,,,,
9/25/2022,,,,,
9/26/2022,500,1500,1000,3000,0
9/27/2022,500,1500,1000,3000,0
9/28/2022,500,1500,1000,3000,0
9/29/2022,500,1600,1050,3000,0
9/30/2022,500,1800,1150,4000,0
10/1/2022,1000,2000,1500,4000,0
10/2/2022,,,,,
10/3/2022,1000,2000,1500,4000,0
10/4/2022,1000,2000,1500,4000,0
10/5/2022,,,,,
10/6/2022,1000,2000,1500,4000,0
10/7/2022,1000,2000,1500,4000,0
10/8/2022,,,,,
10/9/2022,,,,,
10/10/2022,1500,2500,2000,4000,0
10/11/2022,1500,2500,2000,5000,0
10/12/2022,1000,2300,2150,4000,0
10/13/2022,1500,2500,2000,5000,0
10/14/2022,1500,2500,2000,5000,0
10/15/2022,1500,2500,2000,4000,0
10/16/2022,,,,,
10/17/2022,1500,2500,2000,4000,0
10/18/2022,1500,2500,2000,5000,0
10/19/2022,1000,2400,1700,5000,0
10/20/2022,1500,2500,2000,4000,0
10/21/2022,1500,2500,2000,4000,0
10/22/2022,1500,2500,2000,4000,0
10/23/2022,,,,,
10/24/2022,,,,,
10/25/2022,,,,,
10/26/2022,,,,,
10/27/2022,,,,,
10/28/2022,,,,,
10/29/2022,1000,3000,2000,4000,0
10/30/2022,,,,,
10/31/2022,,,,,
11/1/2022,1000,3000,2000,4000,0
11/2/2022,1000,3000,2000,4000,0
11/3/2022,1000,3000,2000,4000,0
11/4/2022,1000,3000,2000,4000,0
11/5/2022,900,2800,1850,4000,0
11/6/2022,,,,,
11/7/2022,800,2800,1800,4000,0
11/8/2022,,,,,
11/9/2022,500,2500,1500,4000,0
11/10/2022,500,2200,1350,4000,0
11/11/2022,800,2300,1550,4000,0
11/12/2022,700,2300,1500,4000,0
11/13/2022,,,,,
11/14/2022,,,,,
11/15/2022,750,2200,1475,4000,0
11/16/2022,,,,,
11/17/2022,1500,2500,2000,4000,0
11/18/2022,500,2200,1350,4000,0
11/19/2022,500,2000,1250,4000,0
11/20/2022,,,,,
11/21/2022,1000,2000,1500,4000,0
11/22/2022,500,2000,1250,4000,0
11/23/2022,500,2000,1250,3000,0
11/24/2022,1000,2000,1500,4000,0
11/25/2022,500,2000,1250,4000,0
11/26/2022,,,,,
11/27/2022,,,,,
11/28/2022,,,,,
11/29/2022,,,,,
11/30/2022,,,,,
12/1/2022,1000,2000,1500,4000,0
12/2/2022,1000,2000,1500,4000,0
12/3/2022,1000,2000,1500,4000,0
12/4/2022,,,,,
12/5/2022,,,,,
12/6/2022,500,1800,1150,4000,0
12/7/2022,500,1800,1150,4000,0
12/8/2022,500,1800,1150,3000,0
12/9/2022,500,1700,1150,4000,0
12/10/2022,500,1700,1100,3000,0
12/11/2022,,,,,
12/12/2022,500,1600,1050,3000,0
12/13/2022,500,1700,1100,4000,0
12/14/2022,500,1600,1050,3000,0
12/15/2022,500,1600,1050,3000,0
12/16/2022,500,1600,1050,4000,0
12/17/2022,500,1600,1050,3000,0
12/18/2022,,,,,
12/19/2022,500,1600,1050,3000,0
12/20/2022,500,1600,1050,3000,0
12/21/2022,700,1800,1250,3000,0
12/22/2022,800,1800,1300,4000,0
12/23/2022,500,1900,1200,4000,0
12/24/2022,700,1900,1300,4000,0
12/25/2022,,,,,
12/26/2022,,,,,
12/27/2022,,,,,
12/28/2022,,,,,
12/29/2022,1000,2000,1500,4000,0
12/30/2022,,,,,
12/31/2022,,,,,
1/1/2023,,,,,
1/2/2023,,,,,
1/3/2023,1000,1500,1300,2000,300
1/4/2023,1000,1500,1200,2000,235
1/5/2023,1000,1400,1200,1800,216
1/6/2023,1000,1500,1200,2000,220
1/7/2023,1200,1600,1400,2200,185
1/8/2023,,,,,
1/9/2023,1000,1500,1200,2000,149
1/10/2023,1200,1600,1400,2000,128
1/11/2023,1000,1500,1200,2000,133
1/12/2023,1000,1500,1200,2000,150
1/13/2023,1000,1500,1200,2000,167
1/14/2023,700,1000,800,1500,185
1/15/2023,,,,,
1/16/2023,,,,,
1/17/2023,700,1100,900,1600,183
1/18/2023,900,1200,1000,1800,139
1/19/2023,1000,1250,1100,1600,150
1/20/2023,,,,,
1/21/2023,1200,1400,1300,2000,181
1/22/2023,,,,,
1/23/2023,,,,,
1/24/2023,1200,1600,1400,2200,335
1/25/2023,1100,1500,1300,2000,270
1/26/2023,,,,,
1/27/2023,1000,1500,1200,2000,270
1/28/2023,1000,1500,1200,2000,282
1/29/2023,,,,,
1/30/2023,,,,,
1/31/2023,800,1300,1000,1800,285
2/1/2023,1000,1400,1200,2000,200
2/2/2023,,,,,
2/3/2023,1000,1400,1200,1800,336
2/4/2023,,,,,
2/5/2023,,,,,
2/6/2023,1000,1300,1200,1800,210
2/7/2023,,,,,
2/8/2023,1000,1400,1200,1900,185
2/9/2023,1000,1500,1200,2000,240
2/10/2023,1000,1400,1200,1800,290
2/11/2023,1000,13000,1200,1800,277
2/12/2023,,,,,
2/13/2023,,,,,
2/14/2023,900,1100,1000,1500,352
2/15/2023,800,1000,900,1500,317
2/16/2023,700,1000,900,1500,310
2/17/2023,600,850,700,1400,350
2/18/2023,,,,,
2/19/2023,,,,,
2/20/2023,,,,,
2/21/2023,700,1000,800,1500,200
2/22/2023,600,850,700,1200,250
2/23/2023,700,900,800,1500,267
2/24/2023,800,1000,900,1500,200
2/25/2023,,,,,
2/26/2023,,,,,
2/27/2023,,,,,
2/28/2023,600,750,700,1200,294
3/1/2023,,,,,
3/2/2023,,,,,
3/3/2023,,,,,
3/4/2023,,,,,
3/5/2023,,,,,
3/6/2023,,,,,
3/7/2023,,,,,
3/8/2023,,,,,
3/9/2023,,,,,
3/10/2023,,,,,
3/11/2023,,,,,
3/12/2023,,,,,
3/13/2023,,,,,
3/14/2023,,,,,
3/15/2023,700,1000,800,1500,291
3/16/2023,800,1200,1000,1700,289
3/17/2023,800,1200,1000,1700,230
3/18/2023,700,1100,900,1600,195
3/19/2023,,,,,
3/20/2023,900,1100,1000,1600,168
3/21/2023,800,1200,1000,1700,243
3/22/2023,800,1000,900,1500,326
3/23/2023,,,,,
3/24/2023,700,1025,800,1500,290
3/25/2023,800,11000,900,1500,291
3/26/2023,,,,,
3/27/2023,,,,,
3/28/2023,,,,,
3/29/2023,600,800,700,1200,299
3/30/2023,,,,,
3/31/2023,700,1000,800,1500,367
4/1/2023,800,1200,1000,1600,250
4/2/2023,,,,,
4/3/2023,80,1050,900,1500,245
4/4/2023,,,,,
4/5/2023,,,,,
4/6/2023,,,,,
4/7/2023,,,,,
4/8/2023,,,,,
4/9/2023,,,,,
4/10/2023,,,,,
4/11/2023,,,,,
4/12/2023,,,,,
4/13/2023,,,,,
4/14/2023,,,,,
4/15/2023,,,,,
4/16/2023,,,,,
4/17/2023,,,,,
4/18/2023,,,,,
4/19/2023,,,,,
4/20/2023,,,,,
4/21/2023,,,,,
4/22/2023,,,,,
4/23/2023,,,,,
4/24/2023,,,,,
4/25/2023,,,,,
4/26/2023,,,,,
4/27/2023,,,,,
4/28/2023,,,,,
4/29/2023,,,,,
4/30/2023,,,,,
5/1/2023,,,,,
5/2/2023,,,,,
5/3/2023,,,,,
5/4/2023,,,,,
5/5/2023,,,,,
5/6/2023,,,,,
5/7/2023,,,,,
5/8/2023,,,,,
5/9/2023,,,,,
5/10/2023,,,,,
5/11/2023,,,,,
5/12/2023,,,,,
5/13/2023,,,,,
5/14/2023,,,,,
5/15/2023,,,,,
5/16/2023,,,,,
5/17/2023,,,,,
5/18/2023,,,,,
5/19/2023,,,,,
5/20/2023,,,,,
5/21/2023,,,,,
5/22/2023,,,,,
5/23/2023,,,,,
5/24/2023,,,,,
5/25/2023,,,,,
5/26/2023,,,,,
5/27/2023,,,,,
5/28/2023,,,,,
5/29/2023,,,,,
5/30/2023,,,,,
5/31/2023,,,,,
6/1/2023,,,,,
6/2/2023,,,,,
6/3/2023,,,,,
6/4/2023,,,,,
6/5/2023,,,,,
6/6/2023,,,,,
6/7/2023,,,,,
6/8/2023,,,,,
6/9/2023,,,,,
6/10/2023,,,,,
6/11/2023,,,,,
6/12/2023,,,,,
6/13/2023,,,,,
6/14/2023,,,,,
6/15/2023,,,,,
6/16/2023,,,,,
6/17/2023,,,,,
6/18/2023,,,,,
6/19/2023,,,,,
6/20/2023,,,,,
6/21/2023,,,,,
6/22/2023,,,,,
6/23/2023,,,,,
6/24/2023,,,,,
6/25/2023,,,,,
6/26/2023,,,,,
6/27/2023,,,,,
6/28/2023,,,,,
6/29/2023,,,,,
6/30/2023,,,,,
7/1/2023,,,,,
7/2/2023,,,,,
7/3/2023,,,,,
7/4/2023,,,,,
7/5/2023,,,,,
7/6/2023,1200,1700,1500,2000,350
7/7/2023,1400,1800,1600,2000,300
7/8/2023,1000,1500,1200,1800,350
7/9/2023,,,,,
7/10/2023,1000,1400,1200,1600,367
7/11/2023,1000,1300,1100,1500,350
7/12/2023,900,1300,1100,1500,380
7/13/2023,900,1300,1100,1500,444
7/14/2023,900,1300,1100,1500,432
7/15/2023,900,1300,1100,1500,374
7/16/2023,,,,,
7/17/2023,900,1300,1100,1500,372
7/18/2023,1000,1400,1200,1600,300
7/19/2023,,,,,
7/20/2023,1000,1400,1200,1600,400
7/21/2023,1000,1400,1200,1600,424
7/22/2023,1000,1400,1200,1600,458
7/23/2023,,,,,
7/24/2023,1000,1350,1200,1600,460
7/25/2023,1000,1400,1200,1800,436
7/26/2023,900,1300,1100,1600,373
7/27/2023,900,1300,1100,1600,398
7/28/2023,,,,,
7/29/2023,,,,,
7/30/2023,,,,,
7/31/2023,,,,,
8/1/2023,1600,2100,1800,2500,344
8/2/2023,2400,2800,2600,3200,288
8/3/2023,,,,,
8/4/2023,2500,3000,2800,3500,295
8/5/2023,2500,3500,3000,4000,250
8/6/2023,,,,,
8/7/2023,,,,,
8/8/2023,,,,,
8/9/2023,,,,,
8/10/2023,,,,,
8/11/2023,,,,,
8/12/2023,,,,,
8/13/2023,,,,,
8/14/2023,,,,,
8/15/2023,,,,,
8/16/2023,,,,,
8/17/2023,,,,,
8/18/2023,,,,,
8/19/2023,,,,,
8/20/2023,,,,,
8/21/2023,,,,,
8/22/2023,1800,2300,2000,3500,250
8/23/2023,1800,2300,2000,3500,200
8/24/2023,,,,,
8/25/2023,,,,,
8/26/2023,,,,,
8/27/2023,,,,,
8/28/2023,,,,,
8/29/2023,,,,,
8/30/2023,,,,,
8/31/2023,,,,,
9/1/2023,1600,2100,1800,2500,344
9/2/2023,2400,2800,2600,3200,288
9/3/2023,,,,,
9/4/2023,2500,3000,2800,3500,295
9/5/2023,2500,3500,3000,4000,250
9/6/2023,,,,,
9/7/2023,,,,,
9/8/2023,,,,,
9/9/2023,,,,,
9/10/2023,,,,,
9/11/2023,,,,,
9/12/2023,,,,,
9/13/2023,,,,,
9/14/2023,,,,,
9/15/2023,,,,,
9/16/2023,,,,,
9/17/2023,,,,,
9/18/2023,,,,,
9/19/2023,,,,,
9/20/2023,,,,,
9/21/2023,,,,,
9/22/2023,1800,2300,2000,3500,250
9/23/2023,1800,2300,2000,3500,200
9/24/2023,,,,,
9/25/2023,,,,,
9/26/2023,,,,,
9/27/2023,,,,,
9/28/2023,,,,,
9/29/2023,,,,,
9/30/2023,,,,,
10/1/2023,,,,,
10/2/2023,,,,,
10/3/2023,,,,,
10/4/2023,1800,3000,2000,3500,292
10/5/2023,,,,,
10/6/2023,1800,2200,2000,3400,280
10/7/2023,2000,3000,2500,4000,193
10/8/2023,,,,,
10/9/2023,2400,2700,2500,4000,256
10/10/2023,,,,,
10/11/2023,2600,3000,2800,5000,185
10/12/2023,,,,,
10/13/2023,2500,3000,2800,5000,200
10/14/2023,,,,,
10/15/2023,,,,,
10/16/2023,,,,,
10/17/2023,2500,3500,3000,5500,119
10/18/2023,3000,3700,3500,5500,107
10/19/2023,3000,4000,3500,6000,100
10/20/2023,3000,3500,3300,5000,120
10/21/2023,,,,,
10/22/2023,,,,,
10/23/2023,,,,,
10/24/2023,,,,,
10/25/2023,,,,,
10/26/2023,,,,,
10/27/2023,,,,,
10/28/2023,,,,,
10/29/2023,,,,,
10/30/2023,,,,,
10/31/2023,,,,,
11/1/2023,4400,4800,4600,6000,99
11/2/2023,3500,4700,4000,6000,89
11/3/2023,4200,4600,4400,6000,78
11/4/2023,3500,4800,3800,6000,118
11/5/2023,,,,,
11/6/2023,3800,4200,4000,5500,103
11/7/2023,3000,4000,3500,5500,106
11/8/2023,3500,4100,3800,5000,1000
11/9/2023,,,,,
11/10/2023,3500,4400,3800,6000,100
11/11/2023,,,,,
11/12/2023,,,,,
11/13/2023,,,,,
11/14/2023,,,,,
11/15/2023,,,,,
11/16/2023,,,,,
11/17/2023,,,,,
11/18/2023,,,,,
11/19/2023,,,,,
11/20/2023,,,,,
11/21/2023,3400,4100,3600,5500,150
11/22/2023,,,,,
11/23/2023,,,,,
11/24/2023,,,,,
11/25/2023,,,,,
11/26/2023,,,,,
11/27/2023,,,,,
11/28/2023,3000,4000,3500,5000,180
11/29/2023,3800,4400,4000,6000,160
11/30/2023,3500,4500,4000,5500,200
12/1/2023,3500,4100,3800,5000,240
12/2/2023,,,,,
12/3/2023,,,,,
12/4/2023,,,,,
12/5/2023,,,,,
12/6/2023,,,,,
12/7/2023,,,,,
12/8/2023,,,,,
12/9/2023,,,,,
12/10/2023,,,,,
12/11/2023,,,,,
12/12/2023,,,,,
12/13/2023,,,,,
12/14/2023,,,,,
12/15/2023,,,,,
12/16/2023,,,,,
12/17/2023,,,,,
12/18/2023,,,,,
12/19/2023,2000,2400,2200,3000,200
12/20/2023,1800,2300,2000,2800,197
12/21/2023,1600,2100,1800,2800,211
12/22/2023,,,,,
12/23/2023,,,,,
12/24/2023,,,,,
12/25/2023,,,,,
12/26/2023,,,,,
12/27/2023,,,,,
12/28/2023,,,,,
12/29/2023,,,,,
12/30/2023,,,,,
12/31/2023,,,,,
1/1/2024,1600,2000,1800,3000,240
1/2/2024,1600,2000,1800,3000,200
1/3/2024,2200,2600,2400,4000,150
1/4/2024,2000,2450,2200,3500,200
1/5/2024,,,,,
1/6/2024,,,,,
1/7/2024,,,,,
1/8/2024,1600,2100,1800,3000,304
1/9/2024,,,,,
1/10/2024,,,,,
1/11/2024,,,,,
1/12/2024,,,,,
1/13/2024,,,,,
1/14/2024,,,,,
1/15/2024,,,,,
1/16/2024,,,,,
1/17/2024,,,,,
1/18/2024,,,,,
1/19/2024,,,,,
1/20/2024,,,,,
1/21/2024,,,,,
1/22/2024,,,,,
1/23/2024,,,,,
1/24/2024,,,,,
1/25/2024,,,,,
1/26/2024,,,,,
1/27/2024,,,,,
1/28/2024,,,,,
1/29/2024,,,,,
1/30/2024,,,,,
1/31/2024,,,,,